{
    "decimals": 18,
    "airdrop": {
        "0xb2E0F4dee26CcCf1f3A267Ad185f212Dd3e7a6b1": 16825197.955542800
        ,"0xdBa9A507aa0838370399FDE048752E91B5a27F06": 16384000
        ,"0xdB6e9FaAcE283e230939769A2DFa80BdcD7E1E43": 14899136.754959300
        ,"0x9699b500fD907636f10965d005813F0CE0986176": 13869539.563099200
        ,"0x3616c75c02f1B3E9a82Ee473bE489D1DAbEa502B": 3276800
        ,"0x2a2ac700B1eeAc08775004003FD79bf5Fc7653e6": 3276800
        ,"0xAf9218281076e0eBAf30a0e27E74eC6521930eD3": 3276800
        ,"0x064d880B9b5B1938F183744ef6775D9De94187B8": 3276800
        ,"0x09Dd482213d2e1d4E86547edF6EA0a671f98E4B2": 3276800
        ,"0x4F9a77a14747D2d4146d6E30038e5667db97a8aD": 3236800
        ,"0x2824bc611ccd491F270651854205422Faae643bB": 666803.753107900
        ,"0x00000000e29FD822365856bDe355F5713F917D8f": 646164.5656433550
        ,"0x3238B53A910B69f5dBDb31786613cE944536BA19": 547022.7103546650
        ,"0x1dCD8763c01961C2BbB5ed58C6E51F55b1378589": 486329.9377970250
        ,"0x228888cacF944CA1FE9e07aAde7f56C1fB601Faa": 445484.50464869700
        ,"0x40BDC8A13aDbA21Ac80a67EC6347d988aA8F7FF3": 406283.22120503800
        ,"0x6B3c77026D2002eeeDE5243768059197A3DCDaf9": 402928.38233656300
        ,"0x3e71daBC6E05755Dc3d45175dEACABf6eA6b59c9": 352595.80849101600
        ,"0xfeC80760D9e35F2369B3315E5EbF4Fce1C899372": 173306.62243721100
        ,"0x930aF7923B8B5F8d3461ad1999CEEB8a62884b19": 150027.06659866100
        ,"0xC283B6120b5Ef510389272BdC9a6d653E0F6AD83": 140202.96656943300
        ,"0xF04fE5C670D6B31Abca534C8C29ABB6e4d111C6D": 136540.22948199100
        ,"0x96ef51ca6830e308723C7bc230c1b323d326A7B5": 127461.05318098100
        ,"0x310D6daE73F20D791d04Da8ee20BaE32a02722F8": 97631.68762291400
        ,"0xe420A18a8FB5878EFbaEA538646BcF2DA7529890": 84279.6801518150
        ,"0x193F380309d5fa6622f0AAe8d9227dFD7fbEe859": 66220.77021187250
        ,"0xE1f8aFc92644Bfe77080D7DCb0f936F578E00F53": 64623.51260625250
        ,"0xAC9ba72fb61aA7c31A95df0A8b6ebA6f41EF875e": 57416.98024673850
        ,"0xe8C8271baA2D476FEcD5aE2727Ece63D2ae661dF": 50000
        ,"0x32E8Be7cB7882A35b425cBaAAE915bE2738cc5d7": 25669.133972498800
        ,"0xef764BAC8a438E7E498c2E5fcCf0f174c3E3F8dB": 23717.420643924400
        ,"0x1E3C9f9B961Ac534D46EA734B77ef0B6E967347A": 20850.337198489700
        ,"0x5e05A7C8C0c313192594A00709b5eAE3305667F8": 17500
        ,"0x9B9077A9D91941e20C0A5bBee463b9BA7114CaDD": 15091.550688552200
        ,"0x044f44EC0D88Ca20e0E5183C0d5EE0f49F171e8a": 15000
        ,"0x230B2e139A7d56F24120735a32E9b33459a4f63e": 14293.316324476100
        ,"0xf486d56ccE70c481b3455aF901fCC4F03FeE8107": 14143.112202467900
        ,"0xa67CA6a43d186CFE7c774fd2F77111AEe0e46a45": 13514.54585951600
        ,"0xB59abA65DDF381b1aFae1e002c8817Fd1cbA468c": 12800
        ,"0x644a0a68860c6F55E6827D29C8dd84db3cE697b2": 12800
        ,"0x542c10b76fA485e8bE1e3b5f80F04392B3199EDA": 12800
        ,"0x54BeCc7560a7Be76d72ED76a1f5fee6C5a2A7Ab6": 12450
        ,"0x08cf20b0189b9d173a15901748560dFcA61A7451": 12000
        ,"0x6e77F91Ba0ae5278763Ec3F044a1f0E5F85FaC0a": 11250
        ,"0xF58ddC34225aD0DcCF5bCe81DeD6a02Abc07d389": 10000
        ,"0x0f3F9D76D105E4F75171B3BA7f54094A4B2cc156": 9500
        ,"0xA52f47cD4A93AE311cAE7CdA7d973dF4b47C58F0": 9300.117122992700
        ,"0x18c642b6B2E26d06000525E71FdeF69512E91d21": 9000
        ,"0xbCC44956d70536bed17C146a4D9E66261BB701DD": 8428.573952452100
        ,"0x9dd97e077d26a3aaBda8b12A65267BdE326F5Bf4": 8384.878982736450
        ,"0x66bDc08a0dB3A83D374670a57aA8ECd5b51b55e5": 8124.096905978750
        ,"0x4D1a6B0Be75Cb45830BF60230165bcaAD820a8E2": 7000
        ,"0xF9EdA90b87FaEe8a1f9bAA1bBfe7Def86997A97a": 6423.558690671900
        ,"0x240246a24de74021c431A4bC8c1eFD2B5BC49bf8": 6000
        ,"0x9A61567A3e3c5b47DFFB0670C629A40533Eb84d5": 4161.1110684683600
        ,"0x308a51E751aED7fBE7330c571b8B91ccdF23ec9b": 3000
        ,"0x11eDedebF63bef0ea2d2D071bdF88F71543ec6fB": 2702.5038178528100
        ,"0x1984f4c8b5A01905db4dD832c75E4Cd474b84e9e": 2675.4991038639200
        ,"0xBd12aa424c207E90B66402c1F0aeC357e8b1Ded7": 2475.1456297681600
        ,"0x57fcF904efC785e098676922d406e64A4e0e7ea2": 2450.6882621151500
        ,"0xA186727FDAF90cD7d9972572E32C618Ce04206f8": 2166.9465048826100
        ,"0xaE3a3D0a97fA75A340CC879700939699D775688c": 2094.6877239883500
        ,"0x55552365029281f142085587c7C297Ec66C2428E": 2000
        ,"0xE4002daE6c8866F704f554759F59E5095a02a604": 2000
        ,"0xABb749390a4e28C95682109eD00356D54528F24F": 2000
        ,"0xF627E5F4BAd95a956468d8BB6Ee20b119F992E96": 1950.2170253901400
        ,"0xf7884fa44825E2DA0f96F475f95ad80EDe37b105": 1944.1324177418000
        ,"0xCa16b776CF9E78856FDF06c56546BF63Cb82ff8F": 1650
        ,"0xB25EdE221B11C2c249550919AE8930c8c3bDDaCc": 1500
        ,"0x6A3cd329b4E7e911fE9FB96dE856a412b705029d": 1500
        ,"0x1b91B850272EDE287667a1939fEB1B9cA69f32D8": 1500
        ,"0x9aF8c7F686055bd6A7f99Fcd382ed152909e6f42": 1349.4220162909700
        ,"0x0335980697A38da1838375cf8B20213bB95AE26D": 1272.3073100765000
        ,"0x346002D84d80624EE615B2108E9c9951fEf9fD76": 1250
        ,"0x8D372f435075b8CDf20f27077feef85717bDEB19": 1250
        ,"0x5c85985bB0c1D4A8556b27DC6FD18D4e4f5556c2": 1155.0924041673100
        ,"0x610d52cf8d359735A5388A8C4660168C7e029057": 1011.0171180666700
        ,"0xb48d6C33A96F5519C82569b478fcD723b3A94a2A": 915.565366343700
        ,"0x11b6A5fE2906F3354145613DB0d99CEB51f604C9": 882.1452957724050
        ,"0x07D2157E5E713E49f69a901D2b86b7234d61e66f": 750
        ,"0x5459BDc5b989595F2EbC73146bDaE995F708Bc4D": 650
        ,"0xD44853b471f119d27A483add3452382DD56D9d55": 643.5553501476650
        ,"0x1bF9e055dC84eb340939a7f3A5A63460A7dB1B23": 441.74252762488600
        ,"0x848438F3A214f3bF9750F2C413F49d5319f60d77": 320.80638183116900
        ,"0xb0E7532098D1Caf26EF4cD439A078261Ec5E702b": 276.22920982497100
        ,"0x562991460b569dB7bC0E6303416e48726b0F91a5": 214.0569534969150
        ,"0x2c0608b5f8cbab175EF80f523B1763B2B5cf9e67": 114.87781982161400
        ,"0xB6D0d2c0ec7C4f777b54F32745F1ba9AdC6b9063": 79.71073549341900
        ,"0x01738db64997F4CBca5dfe6adc6b916A02F326EC": 77.44296031426900
    }
  }
  